timestep,reward
3,-2.37205
88167,-2.80165
159243,-1.9138
232063,-0.18855
303737,1.1162
376385,0.3912
448592,0.10665
521124,0.1329
592390,1.2697
662661,-0.60365
